[Header],,,,,,,,,
IEMFileVersion,4,,,,,,,,
Investigator Name,validator,,,,,,,,
Experiment Name,validation,,,,,,,,
Date,2018-10-05,,,,,,,,
Workflow,GenerateFASTQ,,,,,,,,
Application,FASTQ Only,,,,,,,,
Assay,Nextera XT,,,,,,,,
Description,,,,,,,,,
Chemistry,Amplicon,,,,,,,,
,,,,,,,,,
[Reads],,,,,,,,,
301,,,,,,,,,
301,,,,,,,,,
,,,,,,,,,
[Settings],,,,,,,,,
ReverseComplement,0,,,,,,,,
Adapter,CTGTCTCTTATACACATCT,,,,,,,,
,,,,,,,,,
[Data],,,,,,,,,
Sample_ID,Sample_Name,Sample_Plate,Sample_Well,I7_Index_ID,index,I5_Index_ID,index2,Sample_Project,Description
2013-SEQ-0132,2013-SEQ-0132,OLC3380,,N707,CTCTCTAC,S502,CTCTCTAT,CFIAREG,TRUE
2014-SEQ-0136,2014-SEQ-0136,OLC3381,,N707,CTCTCTAC,S503,TATCCTCT,AMR,
2014-SEQ-0276,2014-SEQ-0276,OLC3382,,N707,CTCTCTAC,S504,AGAGTAGA,AMR,
2014-SEQ-0933,2014-SEQ-0933,OLC3383,,N707,CTCTCTAC,S505,GTAAGGAG,AMR,
2014-SEQ-1049,2014-SEQ-1049,OLC3384,,N707,CTCTCTAC,S506,ACTGCATA,AMR,
2015-SEQ-0423,2015-SEQ-0423,OLC3385,,N707,CTCTCTAC,S507,AAGGAGTA,AMR,
2015-SEQ-0626,2015-SEQ-0626,OLC3386,,N707,CTCTCTAC,S508,CTAAGCCT,AMR,
2015-SEQ-1361,2015-SEQ-1361,OLC3387,,N707,CTCTCTAC,S517,GCGTAAGA,AMR,
2017-HCLON-0380,2017-HCLON-0380,OLC3388,,N708,CAGAGAGG,S502,CTCTCTAT,AMR,
2017-SEQ-0905,2017-SEQ-0905,OLF18085-2,,N708,CAGAGAGG,S503,TATCCTCT,AMR,
2017-SEQ-1501,2017-SEQ-1501,OLF18162,,N708,CAGAGAGG,S504,AGAGTAGA,AMR,
2018-STH-0076,2018-STH-0076,OLF18163,,N708,CAGAGAGG,S505,GTAAGGAG,AMR,
2016-SEQ-1221,2016-SEQ-1221,OLF18164,,N709,CAGAGAGG,S506,GTAAGGAG,AMR,
2018-SEQ-0843,2018-SEQ-0843,OLF18165,,N710,CAGAGAGG,S507,GTAAGGAG,AMR,
2018-LET-0007,2018-LET-0007,123Fake,,N711,CAGAGAGG,S508,GTAAGGAG,AMR,
2018-STH-0255,STH-FD-2017-MI-1929-0002,Bacillus,,N712,CAGAGAGG,S509,GTAAGGAG,AMR,
2014-SEQ-0335,amr_summary,AMR,,N713,CAGAGAGG,S510,GTAAGGAG,AMR,
2019-SEQ-0183,2019-SEQ-0183,OLF11028,,N712,GTAGAGGA,S517,GCGTAAGA,CFIAREG,
